site_name,org_provider_code,org_site_code,curr_provider_name,curr_provider_code
Barts and the London,R1H,R1HM0,BARTS HEALTH NHS TRUST,R1H
Barts and the London,R1H,R1H83,BARTS HEALTH NHS TRUST,R1H
Basildon Hospital,RDD,RDDH8,BASILDON AND THURROCK UNIVERSITY HOSPITALS NHS FOUNDATION TRUST,RAJ
Blackpool Victoria Hospital,RXL,RXL01,BLACKPOOL TEACHING HOSPITALS NHS FOUNDATION TRUST,RXL
Royal Sussex County Hospital,RXH,RXH01,BRIGHTON AND SUSSEX UNIVERSITY HOSPITALS NHS TRUST,RXH
Manchester Royal Infirmary,RW3,RW3MR,CENTRAL MANCHESTER UNIVERSITY HOSPITALS NHS FOUNDATION TRUST,R0A
St Thomas' Hospital,RJ1,RJ122,GUY'S AND ST THOMAS' NHS FOUNDATION TRUST,RJ1
Castle Hill Hospital,RWA,RWA16,HULL UNIVERSITY TEACHING HOSPITALS NHS TRUST,RWA
Hammersmith Hospital,RYJ,RYJ03,IMPERIAL COLLEGE HEALTHCARE NHS TRUST,RYJ
King's College Hospital,RJZ,RJZ01,KING'S COLLEGE HOSPITAL NHS FOUNDATION TRUST,RJZ
Leeds General Infirmary,RR8,RR801,LEEDS TEACHING HOSPITALS NHS TRUST,RR8
Leeds General Infirmary,RR8,RR813,LEEDS TEACHING HOSPITALS NHS TRUST,RR8
Liverpool Heart and Chest Hospital,RBQ,RBQHQ,LIVERPOOL HEART AND CHEST HOSPITAL NHS FOUNDATION TRUST,RBQ
Manchester Royal Infirmary,R0A,R0A02,MANCHESTER UNIVERSITY NHS FOUNDATION TRUST,R0A
Wythenshawe Hospital,R0A,R0A07,MANCHESTER UNIVERSITY NHS FOUNDATION TRUST,R0A
Nottingham City Hospital,RX1,RX1CC,NOTTINGHAM UNIVERSITY HOSPITALS NHS TRUST,RX1
John Radcliffe Hospital,RTH,RTH08,OXFORD UNIVERSITY HOSPITALS NHS FOUNDATION TRUST,RTH
Harefield Hospital,RT3,RT301,ROYAL BROMPTON & HAREFIELD NHS FOUNDATION TRUST,RJ1
Royal Brompton Hospital,RT3,RT302,ROYAL BROMPTON & HAREFIELD NHS FOUNDATION TRUST,RJ1
Papworth Hospital,RGM,RGM21,ROYAL PAPWORTH HOSPITAL NHS FOUNDATION TRUST,RGM
Papworth Hospital,RGM,RGM22,ROYAL PAPWORTH HOSPITAL NHS FOUNDATION TRUST,RGM
Northern General Hospital,RHQ,RHQNG,SHEFFIELD TEACHING HOSPITALS NHS FOUNDATION TRUST,RHQ
James Cook University Hospital,RTR,RTRAT,SOUTH TEES HOSPITALS NHS FOUNDATION TRUST,RTR
St George's Hospital,RJ7,RJ701,ST GEORGE'S UNIVERSITY HOSPITALS NHS FOUNDATION TRUST,RJ7
Freeman Hospital,RTD,RTD01,THE NEWCASTLE UPON TYNE HOSPITALS NHS FOUNDATION TRUST,RTD
New Cross Hospital,RL4,RL403,THE ROYAL WOLVERHAMPTON NHS TRUST,RL4
University College Hospital,RRV,RRV30,UNIVERSITY COLLEGE LONDON HOSPITALS NHS FOUNDATION TRUST,RRV
Wythenshawe Hospital,RM2,RM202,UNIVERSITY HOSPITAL OF SOUTH MANCHESTER NHS FOUNDATION TRUST,R0A
Southampton General Hospital,RHM,RHM01,UNIVERSITY HOSPITAL SOUTHAMPTON NHS FOUNDATION TRUST,RHM
Queen Elizabeth Hospital,RRK,RRK15,UNIVERSITY HOSPITALS BIRMINGHAM NHS FOUNDATION TRUST,RRK
Bristol Royal Infirmary,RA7,RA701,UNIVERSITY HOSPITALS BRISTOL AND WESTON NHS FOUNDATION TRUST,RA7
University Hospital Coventry,RKB,RKB01,UNIVERSITY HOSPITALS COVENTRY AND WARWICKSHIRE NHS TRUST,RKB
Glenfield Hospital,RWE,RWEAE,UNIVERSITY HOSPITALS OF LEICESTER NHS TRUST,RWE
University Hospital of North Staffordshire,RJE,RJE01,UNIVERSITY HOSPITALS OF NORTH MIDLANDS NHS TRUST,RJE
Derriford Hospital,RK9,RK950,UNIVERSITY HOSPITALS PLYMOUTH NHS TRUST,RK9
