Trust/Health Board,Cancer Centre/Hospital,Region,site_code1,site_code2,site_code3,site_code4
Cambridge University Hospitals NHS Foundation Trust,Addenbrooke's Hospital,East of England,RGT01,RT190,,
University Hospital Bristol and Weston NHS Foundation Trust,Bristol Haematology and Oncology Centre,South West,RA710,,,
Hull University Teaching Hospitals NHS Trust,Castle Hill Hospital,Yorkshire And The Humber,RWA16,,,
Gloucestershire Hospitals NHS Foundation Trust,Cheltenham General Hospital,South West,RTE01,,,
East Suffolk and North Essex NHS Foundation Trust ,Colchester General Hospital,East of England,RDEE4,,,
University Hospitals Dorset NHS Foundation Trust,"Dorset Cancer Centre, Poole Hospital",South West,R0D0T,R0D14,,
Guy's and St Thomas' NHS Foundation Trust,Guy's and St Thomas' Cancer Centre,London,RJ121,G1C1E,,
Imperial College Healthcare NHS Trust,Imperial College Cancer Centre,London,RYJ02,,,
East Suffolk and North Essex NHS Foundation Trust ,Ipswich Hospital,East of England,RDE03,,,
Maidstone and Tunbridge Wells NHS Trust,Kent Oncology Centre,South East,RWF03,,,
Leeds Teaching Hospitals NHS Trust,"Leeds Cancer Centre, St James' University Hospital",Yorkshire And The Humber,RR813,RR8R2,,
University Hospitals of Leicester NHS Trust,Leicester Royal Infirmary,East Midlands,RWEAA,,,
United Lincolnshire Hospitals NHS Trust,Lincoln County Hospital,East Midlands,RWDDA,,,
East and North Hertfordshire NHS Trust,Mount Vernon Cancer Centre,East of England,RWH04,,,
Somerset NHS Foundation Trust,Musgrove Park Hospital,South West,RH5A8,,,
The Royal Wolverhampton NHS Trust,New Cross Hospital,West Midlands,RL403,,,
Norfolk and Norwich University Hospitals NHS Foundation Trust,Norfolk and Norwich University Hospital,East of England,RMY60,,,
North Middlesex University Hospital NHS Trust,North Middlesex University Hospital,London,RAPNM,,,
Northampton General Hospital NHS Trust,Northampton General Hospital,East Midlands,RNS01,,,
Newcastle upon Tyne Hospitals NHS Foundation Trust,"Northern Centre for Cancer Care (NCCC), Freeman Hospital",North East,RTD06,,,
Nottingham University Hospitals NHS Trust,Nottingham University Hospital,East Midlands,RX1CC,,,
Oxford University Hospitals NHS Foundation Trust,"Oxford Cancer Centre, Churchill Hospital",South East,RTH02,,,
North West Anglia NHS Foundation Trust,Peterborough City Hospital,East of England,RGN80,,,
University Hospitals Plymouth NHS Trust,"Plymouth Oncology Centre, Derriford Hospital",South West,RK950,,,
Portsmouth Hospitals NHS Trust,"Portsmouth Oncology Centre, Queen Alexandra Hospital",South East,RHU03,,,
University Hospitals Birmingham NHS Foundation Trust,Queen Elizabeth Hospital,West Midlands,RRK15,,,
"Barking, Havering and Redbridge University Hospitals NHS Trust",Queens Hospital,London,RF4H6,RF4H1,RF4QH,
Royal Berkshire NHS Foundation Trust,Royal Berkshire Hospital,South East,RHW01,,,
Royal Cornwall Hospitals NHS Trust,Royal Cornwall Hospital,South West,REF12,,,
University Hospitals of Derby and Burton NHS Foundation Trust,Royal Derby Hospital,East Midlands,RTGFG,,,
Royal Devon and Exeter NHS Foundation Trust,Royal Devon and Exeter Hospital,South West,RH801,,,
Royal Free London NHS Foundation Trust,Royal Free Hospital,London,RAL01,,,
The Royal Marsden NHS Foundation Trust,Royal Marsden Hospital,London,RPY01,RPY02,RPY03,
Lancashire Teaching Hospitals NHS Foundation Trust,Royal Preston Hospital,North West,RXN02,,,
Shrewsbury and Telford Hospital NHS Trust,Royal Shrewsbury Hospital,West Midlands,RXWAS,,,
University Hospitals of North Midlands NHS Trust,Royal Stoke University Hospital,West Midlands,RJE01,,,
Brighton and Sussex University Hospitals NHS Trust,Royal Sussex County Hospital,South East,RXH01,,,
Royal United Hospitals Bath NHS Foundation Trust,Royal United Hospital Bath,South West,RD130,,,
Mid and South Essex NHS Foundation Trust,Southend University Hospital,East of England,RAJ01,,,
Barts Health NHS Trust,St Bartholomew's Hospital,London,R1HM0,,,
Royal Surrey NHS Foundation Trust,St Luke's Cancer Centre,South East,RA201,,,
The Christie NHS Foundation Trust,The Christie Hospital,North West,RBV01,,,
The Clatterbridge Cancer Centre NHS Foundation Trust,The Clatterbridge Cancer Centre,North West,REN22,,,
South Tees Hospitals NHS Foundation Trust,The James Cook University Foundation Hospital,North East,RTRAT,,,
Torbay and South Devon NHS Foundation Trust,Torbay Hospital,South West,RA901,,,
University College London Hospitals NHS Foundation Trust,University College Hospital,London,RRV03,,,
University Hospital Southampton NHS Foundation Trust,University Hospital Southampton ,South East,RGT2W,,,
University Hospitals Coventry and Warwickshire NHS Trust,"University Hospital, Coventry",West Midlands,RKB01,,,
Sheffield Teaching Hospitals NHS Foundation Trust,Weston Park Cancer Centre,Yorkshire And The Humber,RHQWP,,,
Worcestershire Acute Hospitals NHS Trust,Worcester Oncology Centre,West Midlands,RWP50,,,
