organisation_code,2013
00P,84.48275862
03X,83.33333333
03Y,90
04D,84
04E,70
04F,83.78378378
04H,75.75757576
04J,81.96721311
04K,93.18181818
04N,75
04Q,92.85714286
04R,83.15789474
04V,90.74074074
05T,94.59459459
99P,70.46413502
NLL,53.68171021
NQL,73.089701
R1A,56.42857143
R1C,58.78378378
R1D,45.67307692
R1E,51.3478819
R1F1,50.23696682
R1F2,52.54237288
R1F3,48.76847291
R1G,67.76315789
R1H,43.51247601
R1J,55.80865604
RA2,70.05988024
RA3,49.03581267
RA4,57.77777778
RA7,59.81524249
RA9,77.50511247
RAE,63.78830084
RAJ,57.95694386
RAL,67.13615023
RAN,70.50147493
RAP,58.12154696
RAS,62.32517483
RAT,50.58139535
RAX,58.90052356
RBA,69.35483871
RBB,70.45454545
RBD,56.18055556
RBK,58.29383886
RBL,57.31049794
RBN,73.08447937
RBQ,74.03100775
RBS,53.11778291
RBT,65.61403509
RBV,75.44757033
RBZ,59.61945032
RC1,51.42045455
RC3,58.95372233
RC9,67.66743649
RCB,57.29562738
RCD,69.59183673
RCF,66.60777385
RCU,71.70263789
RCX,52.32876712
RD1,64.0167364
RD3,65.56420233
RD7,44.38676184
RD8,55.80246914
RDD,55.95238095
RDE,56.6951567
RDR,61.2590799
RDU,77.04485488
RDY,49.65724079
RDZ,65.15151515
RE9,59.30984903
REF,40.3418124
REM,62.92682927
REN,74.27937916
REP,56.1827957
RET,73.7704918
RF4,50.39180229
RFF,64.18786693
RFR,45.32163743
RFS,59.73333333
RFW,52.23880597
RGD,52.83505155
RGM,78.85010267
RGN,63.7037037
RGP,63.2183908
RGQ,48.96907216
RGR,74.22222222
RGT,70.33898305
RH5,54.06976744
RH8,60.31331593
RHA,66.31578947
RHM,63.42494715
RHQ,62.75862069
RHU,51.65991903
RHW,70.76923077
RJ1,77.33990148
RJ2,68.22429907
RJ6,51.1299435
RJ7,60.61397779
RJ8,46.48648649
RJC,72.02505219
RJD,61.4213198
RJE,57.39348371
RJF,54.40613027
RJL,49.66887417
RJN,50
RJR,65.25900901
RJX,53.55329949
RJZ,75.90361446
RK5,55.6675063
RK9,49.46808511
RKB,59.10543131
RKE,57.41444867
RKL,47.59475219
RL1,66.98412698
RL4,66.32653061
RLN,64.11609499
RLQ,49.73262032
RLT,55.87301587
RLU,62.04188482
RLY,41.67794317
RM1,66.09195402
RM2,73.94136808
RM3,79.19320594
RMC,47.4537037
RMP,54.25531915
RMY,33.53293413
RN3,56.60036166
RN5,62.02064897
RN7,70.02967359
RNA,62.4691358
RNK,73.47826087
RNL,34.96801706
RNN,49.66442953
RNQ,51.01010101
RNS,52.57142857
RNU,57.56097561
RNZ,74.89711934
RP1,49.20634921
RP4,76.2195122
RP5,59.00262467
RP6,75.95959596
RP7,52.29357798
RPA,49.05660377
RPC,80.87954111
RPG,72.02505219
RPY,73.78640777
RQ3,66.92444973
RQ6,63.49258649
RQ8,58.1027668
RQM,74.84909457
RQQ,52.11267606
RQW,57.41525424
RQX,75.15060241
RQY,49.85781991
RR1,50.37593985
RR7,64.77832512
RR8,50.94736842
RRD,61.18421053
RRE,58.36807624
RRF,65.67164179
RRJ,65.23178808
RRK,74.73684211
RRP,49.61672474
RRU,25.58139535
RRV,72.83753591
RT1,31.47368421
RT2,50.83123426
RT3,83.33333333
RT5,46.69347632
RTD,71.79487179
RTE,49.50727358
RTF,68.68044515
RTG,62.73972603
RTH,66.66666667
RTK,53.82139984
RTP,61.2962963
RTQ,52.40384615
RTR,64.55981941
RTV,59.24932976
RTX,47.45762712
RV3,63.74172185
RV5,59.60912052
RV8,62.42038217
RV9,48.53932584
RVJ,53.33333333
RVL,48.99328859
RVN,47.95180723
RVR,62.09279368
RVV,53.11004785
RVW,52.60545906
RVY,50.33259424
RW1,53.67360208
RW3,60.55555556
RW4,53.90208434
RW5,51.75131349
RW6,45.52683897
RWA,47.77517564
RWD,41.18786314
RWE,50
RWF,58.06694246
RWG,52.46949448
RWH,57.58513932
RWJ,65.69506726
RWK,65.34852547
RWN,57.51295337
RWP,59.35672515
RWR,51.87969925
RWV,41.19318182
RWW,59.9469496
RWX,61.8902439
RWY,62.37218814
RX1,70.24221453
RX2,45.82338902
RX3,70.14314928
RX4,55.01222494
RX6,43.69501466
RX7,47.13114754
RX8,38.50415512
RX9,31.11111111
RXA,60.42857143
RXC,40.92082616
RXE,58.66388309
RXF,34.35865887
RXG,61.48148148
RXH,49.32126697
RXK,58.74587459
RXL,63.36842105
RXM,58.07453416
RXN,59.24369748
RXP,51.15740741
RXQ,40.40920716
RXR,56.86528497
RXT,57.35294118
RXV,60.89041096
RXW,47.62747875
RXX,53.1779661
RXY,42.96875
RY1,45.45454545
RY2,46.78899083
RY3,45.17647059
RY4,46.78362573
RY5,49.08136483
RY6,46.28378378
RY7,59.86111111
RY8,62.41900648
RY9,47.72727273
RYA,41.10429448
RYC,24.71910112
RYD,29.25897632
RYE,43.52159468
RYF,41.30579614
RYG,49.2917847
RYJ,58.43828715
RYK,48.92966361
RYR,67.39397664
RYV,58.46153846
RYW,53.42465753
RYX,55.6561086
RYY,54.32098765
TAD,54.7277937
TAE,42.30769231
TAF,57.71812081
TAH,69.43005181
TAJ,47.79069767
